scored_at,source,year,round,event,race_date,stage,model,git_sha,train_rows,train_base_rate,lookback_races,n,observed_rate,mean_predicted,brier,brier_base,brier_skill,log_loss,roc_auc,pr_auc,top2_hits,top2_lift
2026-09-07T20:53:19+00:00,replay,2018,21,Abu Dhabi Grand Prix,2018-11-25,post_quali,random_forest,42d1601,400,0.1925,40,20,0.25,0.14519,0.196135,0.190806,-0.02793,0.5999,0.56,0.40714,1,2.0
2026-09-07T20:54:01+00:00,replay,2018,21,Abu Dhabi Grand Prix,2018-11-25,pre_weekend,random_forest,42d1601,400,0.1925,40,20,0.25,0.14194,0.196387,0.190806,-0.02925,0.6039,0.61333,0.52714,1,2.0
2026-09-07T20:53:19+00:00,replay,2019,1,Australian Grand Prix,2019-03-17,post_quali,random_forest,42d1601,420,0.19524,40,20,0.15,0.21588,0.130011,0.129546,-0.00358,0.43054,0.56863,0.45644,1,3.333
2026-09-07T20:54:01+00:00,replay,2019,1,Australian Grand Prix,2019-03-17,pre_weekend,random_forest,42d1601,420,0.19524,40,20,0.15,0.22419,0.131117,0.129546,-0.01212,0.43408,0.60784,0.3125,1,3.333
2026-09-07T20:53:19+00:00,replay,2019,2,Bahrain Grand Prix,2019-03-31,post_quali,random_forest,42d1601,440,0.19318,40,20,0.2,0.1825,0.15124,0.160046,0.05502,0.47117,0.79688,0.5,1,2.5
2026-09-07T20:54:01+00:00,replay,2019,2,Bahrain Grand Prix,2019-03-31,pre_weekend,random_forest,42d1601,440,0.19318,40,20,0.2,0.18908,0.149093,0.160046,0.06844,0.46469,0.84375,0.5,1,2.5
2026-09-07T20:53:19+00:00,replay,2019,3,Chinese Grand Prix,2019-04-14,post_quali,random_forest,42d1601,460,0.19348,40,20,0.15,0.15853,0.11985,0.12939,0.07374,0.39223,0.72549,0.32778,0,0.0
2026-09-07T20:54:01+00:00,replay,2019,3,Chinese Grand Prix,2019-04-14,pre_weekend,random_forest,42d1601,460,0.19348,40,20,0.15,0.16035,0.120526,0.12939,0.06851,0.39556,0.72549,0.52137,1,3.333
2026-09-07T20:53:19+00:00,replay,2019,4,Azerbaijan Grand Prix,2019-04-28,post_quali,random_forest,42d1601,480,0.19167,40,20,0.2,0.22981,0.141569,0.160069,0.11558,0.44721,0.78125,0.45833,1,2.5
2026-09-07T20:54:01+00:00,replay,2019,4,Azerbaijan Grand Prix,2019-04-28,pre_weekend,random_forest,42d1601,480,0.19167,40,20,0.2,0.21096,0.140484,0.160069,0.12236,0.44162,0.75,0.39167,0,0.0
2026-09-07T20:53:19+00:00,replay,2019,5,Spanish Grand Prix,2019-05-12,post_quali,random_forest,42d1601,500,0.192,40,20,0.1,0.20717,0.099627,0.098464,-0.01181,0.35024,0.66667,0.32692,1,5.0
2026-09-07T20:54:01+00:00,replay,2019,5,Spanish Grand Prix,2019-05-12,pre_weekend,random_forest,42d1601,500,0.192,40,20,0.1,0.20905,0.099257,0.098464,-0.00805,0.35002,0.69444,0.57692,1,5.0
2026-09-07T20:53:19+00:00,replay,2019,6,Monaco Grand Prix,2019-05-26,post_quali,random_forest,42d1601,520,0.18846,40,20,0.05,0.16167,0.066886,0.066672,-0.00322,0.27863,0.31579,0.07143,0,0.0
2026-09-07T20:54:01+00:00,replay,2019,6,Monaco Grand Prix,2019-05-26,pre_weekend,random_forest,42d1601,520,0.18846,40,20,0.05,0.15979,0.068625,0.066672,-0.02929,0.28867,0.15789,0.05882,0,0.0
2026-09-07T20:53:19+00:00,replay,2019,7,Canadian Grand Prix,2019-06-09,post_quali,random_forest,42d1601,540,0.18333,40,20,0.1,0.17587,0.0887,0.096944,0.08504,0.31992,0.83333,0.39286,1,5.0
2026-09-07T20:54:01+00:00,replay,2019,7,Canadian Grand Prix,2019-06-09,pre_weekend,random_forest,42d1601,540,0.18333,40,20,0.1,0.17898,0.087813,0.096944,0.0942,0.31722,0.86111,0.64286,1,5.0
2026-09-07T20:53:19+00:00,replay,2019,8,French Grand Prix,2019-06-23,post_quali,random_forest,42d1601,560,0.18036,40,20,0.05,0.17541,0.060626,0.064493,0.05995,0.25175,0.84211,0.25,0,0.0
2026-09-07T20:54:01+00:00,replay,2019,8,French Grand Prix,2019-06-23,pre_weekend,random_forest,42d1601,560,0.18036,40,20,0.05,0.1773,0.063397,0.064493,0.017,0.2582,0.68421,0.14286,0,0.0
2026-09-07T20:53:19+00:00,replay,2019,9,Austrian Grand Prix,2019-06-30,post_quali,random_forest,42d1601,580,0.17586,40,20,0.0,0.18681,0.039423,0.030927,-0.27468,0.21034,,,0,
2026-09-07T20:54:01+00:00,replay,2019,9,Austrian Grand Prix,2019-06-30,pre_weekend,random_forest,42d1601,580,0.17586,40,20,0.0,0.17943,0.036096,0.030927,-0.1671,0.20076,,,0,
2026-09-07T20:53:19+00:00,replay,2019,10,British Grand Prix,2019-07-14,post_quali,random_forest,42d1601,600,0.17,40,20,0.15,0.16888,0.121779,0.1279,0.04786,0.39834,0.68627,0.28519,0,0.0
2026-09-07T20:54:01+00:00,replay,2019,10,British Grand Prix,2019-07-14,pre_weekend,random_forest,42d1601,600,0.17,40,20,0.15,0.16949,0.124149,0.1279,0.02933,0.40608,0.64706,0.27137,0,0.0
2026-09-07T20:53:19+00:00,replay,2019,11,German Grand Prix,2019-07-28,post_quali,random_forest,42d1601,620,0.16935,40,20,0.35,0.13684,0.273219,0.260133,-0.05031,0.82121,0.53846,0.52856,1,1.429
2026-09-07T20:54:01+00:00,replay,2019,11,German Grand Prix,2019-07-28,pre_weekend,random_forest,42d1601,620,0.16935,40,20,0.35,0.1264,0.277875,0.260133,-0.06821,0.83744,0.51648,0.45537,1,1.429
2026-09-07T20:53:19+00:00,replay,2019,12,Hungarian Grand Prix,2019-08-04,post_quali,random_forest,42d1601,640,0.175,40,20,0.05,0.15361,0.056943,0.063125,0.09794,0.24123,0.78947,0.2,0,0.0
2026-09-07T20:54:01+00:00,replay,2019,12,Hungarian Grand Prix,2019-08-04,pre_weekend,random_forest,42d1601,640,0.175,40,20,0.05,0.15416,0.056301,0.063125,0.1081,0.24016,0.78947,0.2,0,0.0
2026-09-07T20:53:19+00:00,replay,2019,13,Belgian Grand Prix,2019-09-01,post_quali,random_forest,42d1601,660,0.17121,40,20,0.2,0.18569,0.157616,0.160829,0.01998,0.49408,0.60938,0.46781,1,2.5
2026-09-07T20:54:01+00:00,replay,2019,13,Belgian Grand Prix,2019-09-01,pre_weekend,random_forest,42d1601,660,0.17121,40,20,0.2,0.18579,0.163665,0.160829,-0.01764,0.51283,0.53125,0.30429,1,2.5
2026-09-07T20:53:19+00:00,replay,2019,14,Italian Grand Prix,2019-09-08,post_quali,random_forest,42d1601,680,0.17206,40,20,0.15,0.17403,0.132342,0.127987,-0.03403,0.43097,0.52941,0.19156,0,0.0
2026-09-07T20:54:01+00:00,replay,2019,14,Italian Grand Prix,2019-09-08,pre_weekend,random_forest,42d1601,680,0.17206,40,20,0.15,0.16818,0.131074,0.127987,-0.02412,0.42814,0.56863,0.21061,0,0.0
2026-09-07T20:53:19+00:00,replay,2019,15,Singapore Grand Prix,2019-09-22,post_quali,random_forest,42d1601,700,0.17143,40,20,0.15,0.13683,0.139363,0.127959,-0.08912,0.47458,0.23529,0.12792,0,0.0
2026-09-07T20:54:01+00:00,replay,2019,15,Singapore Grand Prix,2019-09-22,pre_weekend,random_forest,42d1601,700,0.17143,40,20,0.15,0.12633,0.139614,0.127959,-0.09108,0.48161,0.19608,0.12222,0,0.0
2026-09-07T20:53:19+00:00,replay,2019,16,Russian Grand Prix,2019-09-29,post_quali,random_forest,42d1601,720,0.17083,40,20,0.25,0.16832,0.203387,0.193767,-0.04965,0.6242,0.46667,0.34556,1,2.0
2026-09-07T20:54:01+00:00,replay,2019,16,Russian Grand Prix,2019-09-29,pre_weekend,random_forest,42d1601,720,0.17083,40,20,0.25,0.15894,0.202085,0.193767,-0.04293,0.62257,0.46667,0.32841,1,2.0
2026-09-07T20:53:19+00:00,replay,2019,17,Japanese Grand Prix,2019-10-13,post_quali,random_forest,42d1601,740,0.17297,40,20,0.05,0.15444,0.06569,0.062622,-0.04898,0.27744,0.21053,0.0625,0,0.0
2026-09-07T20:54:01+00:00,replay,2019,17,Japanese Grand Prix,2019-10-13,pre_weekend,random_forest,42d1601,740,0.17297,40,20,0.05,0.15333,0.063553,0.062622,-0.01487,0.26805,0.21053,0.0625,0,0.0
2026-09-07T20:53:19+00:00,replay,2019,18,Mexican Grand Prix,2019-10-27,post_quali,random_forest,42d1601,760,0.16974,40,19,0.05263,0.15075,0.060333,0.063575,0.05099,0.25355,0.5,0.1,0,0.0
2026-09-07T20:54:01+00:00,replay,2019,18,Mexican Grand Prix,2019-10-27,pre_weekend,random_forest,42d1601,760,0.16974,40,19,0.05263,0.15265,0.061373,0.063575,0.03463,0.25845,0.33333,0.07692,0,0.0
2026-09-07T20:53:19+00:00,replay,2019,19,United States Grand Prix,2019-11-03,post_quali,random_forest,42d1601,779,0.16688,40,20,0.2,0.12744,0.176632,0.161097,-0.09644,0.57673,0.23438,0.16127,0,0.0
2026-09-07T20:54:01+00:00,replay,2019,19,United States Grand Prix,2019-11-03,pre_weekend,random_forest,42d1601,779,0.16688,40,20,0.2,0.13271,0.177413,0.161097,-0.10128,0.57915,0.25,0.1639,0,0.0
2026-09-07T20:53:19+00:00,replay,2019,20,Brazilian Grand Prix,2019-11-17,post_quali,random_forest,42d1601,799,0.16771,40,20,0.2,0.14372,0.17713,0.161043,-0.0999,0.57701,0.17188,0.15,0,0.0
2026-09-07T20:54:01+00:00,replay,2019,20,Brazilian Grand Prix,2019-11-17,pre_weekend,random_forest,42d1601,799,0.16771,40,20,0.2,0.13792,0.177589,0.161043,-0.10275,0.58327,0.1875,0.16055,0,0.0
2026-09-07T20:53:19+00:00,replay,2019,21,Abu Dhabi Grand Prix,2019-12-01,post_quali,random_forest,42d1601,799,0.16646,40,20,0.05,0.1783,0.062472,0.061062,-0.02308,0.26675,0.78947,0.2,0,0.0
2026-09-07T20:54:01+00:00,replay,2019,21,Abu Dhabi Grand Prix,2019-12-01,pre_weekend,random_forest,42d1601,799,0.16646,40,20,0.05,0.18358,0.064371,0.061062,-0.05418,0.27299,0.68421,0.14286,0,0.0
2026-09-07T20:53:19+00:00,replay,2020,1,Austrian Grand Prix,2020-07-05,post_quali,random_forest,42d1601,799,0.16395,40,20,0.45,0.16109,0.32967,0.329322,-0.00106,0.91702,0.51515,0.56421,1,1.111
2026-09-07T20:54:01+00:00,replay,2020,1,Austrian Grand Prix,2020-07-05,pre_weekend,random_forest,42d1601,799,0.16395,40,20,0.45,0.15933,0.333556,0.329322,-0.01286,0.9296,0.46465,0.50778,1,1.111
2026-09-07T20:53:19+00:00,replay,2020,2,Styrian Grand Prix,2020-07-12,post_quali,random_forest,42d1601,799,0.17397,40,20,0.15,0.31503,0.163319,0.128074,-0.27519,0.51327,0.15686,0.11858,0,0.0
2026-09-07T20:54:01+00:00,replay,2020,2,Styrian Grand Prix,2020-07-12,pre_weekend,random_forest,42d1601,799,0.17397,40,20,0.15,0.32095,0.167043,0.128074,-0.30427,0.52236,0.2549,0.13181,0,0.0
2026-09-07T20:53:19+00:00,replay,2020,3,Hungarian Grand Prix,2020-07-19,post_quali,random_forest,42d1601,799,0.16896,40,20,0.05,0.16573,0.059978,0.061652,0.02714,0.25731,0.68421,0.14286,0,0.0
2026-09-07T20:54:01+00:00,replay,2020,3,Hungarian Grand Prix,2020-07-19,pre_weekend,random_forest,42d1601,799,0.16896,40,20,0.05,0.17389,0.062577,0.061652,-0.01501,0.26662,0.52632,0.1,0,0.0
2026-09-07T20:53:19+00:00,replay,2020,4,British Grand Prix,2020-08-02,post_quali,random_forest,42d1601,799,0.1627,40,19,0.10526,0.19579,0.096305,0.097482,0.01207,0.3458,0.91176,0.7,1,4.75
2026-09-07T20:54:01+00:00,replay,2020,4,British Grand Prix,2020-08-02,pre_weekend,random_forest,42d1601,799,0.1627,40,19,0.10526,0.18665,0.100336,0.097482,-0.02927,0.35795,0.52941,0.15341,0,0.0
2026-09-07T20:53:19+00:00,replay,2020,5,70th Anniversary Grand Prix,2020-08-09,post_quali,random_forest,42d1601,798,0.16165,40,20,0.05,0.15102,0.052195,0.059967,0.12961,0.22685,0.94737,0.5,1,10.0
2026-09-07T20:54:01+00:00,replay,2020,5,70th Anniversary Grand Prix,2020-08-09,pre_weekend,random_forest,42d1601,798,0.16165,40,20,0.05,0.14693,0.054304,0.059967,0.09444,0.23317,0.89474,0.33333,0,0.0
2026-09-07T20:53:19+00:00,replay,2020,6,Spanish Grand Prix,2020-08-16,post_quali,random_forest,42d1601,798,0.15915,40,20,0.05,0.13164,0.055961,0.059413,0.05811,0.23855,0.57895,0.11111,0,0.0
2026-09-07T20:54:01+00:00,replay,2020,6,Spanish Grand Prix,2020-08-16,pre_weekend,random_forest,42d1601,798,0.15915,40,20,0.05,0.13851,0.057493,0.059413,0.03231,0.24776,0.26316,0.06667,0,0.0
2026-09-07T20:53:19+00:00,replay,2020,7,Belgian Grand Prix,2020-08-30,post_quali,random_forest,42d1601,798,0.15414,40,19,0.10526,0.17504,0.110478,0.096571,-0.14401,0.39482,0.08824,0.08596,0,0.0
2026-09-07T20:54:01+00:00,replay,2020,7,Belgian Grand Prix,2020-08-30,pre_weekend,random_forest,42d1601,798,0.15414,40,19,0.10526,0.17029,0.108844,0.096571,-0.12708,0.39094,0.05882,0.08497,0,0.0
2026-09-07T20:53:19+00:00,replay,2020,8,Italian Grand Prix,2020-09-06,post_quali,random_forest,42d1601,797,0.14931,40,20,0.2,0.14483,0.151748,0.162569,0.06657,0.46946,0.8125,0.75417,2,5.0
2026-09-07T20:54:01+00:00,replay,2020,8,Italian Grand Prix,2020-09-06,pre_weekend,random_forest,42d1601,797,0.14931,40,20,0.2,0.14923,0.153557,0.162569,0.05544,0.47927,0.75,0.62549,1,2.5
2026-09-07T20:53:19+00:00,replay,2020,9,Tuscan Grand Prix,2020-09-13,post_quali,random_forest,42d1601,797,0.1468,40,20,0.4,0.1311,0.313096,0.30411,-0.02955,0.90389,0.55208,0.44762,1,1.25
2026-09-07T20:54:01+00:00,replay,2020,9,Tuscan Grand Prix,2020-09-13,pre_weekend,random_forest,42d1601,797,0.1468,40,20,0.4,0.12364,0.317736,0.30411,-0.04481,0.9267,0.5625,0.51057,1,1.25
2026-09-07T20:53:19+00:00,replay,2020,10,Russian Grand Prix,2020-09-27,post_quali,random_forest,42d1601,797,0.15056,40,20,0.1,0.16993,0.098442,0.092557,-0.06359,0.35403,0.41667,0.13025,0,0.0
2026-09-07T20:54:01+00:00,replay,2020,10,Russian Grand Prix,2020-09-27,pre_weekend,random_forest,42d1601,797,0.15056,40,20,0.1,0.16096,0.095245,0.092557,-0.02904,0.34321,0.47222,0.13248,0,0.0
2026-09-07T20:53:19+00:00,replay,2020,11,Eifel Grand Prix,2020-10-11,post_quali,random_forest,42d1601,797,0.14931,40,20,0.25,0.13332,0.213228,0.197638,-0.07888,0.66957,0.2,0.18791,0,0.0
2026-09-07T20:54:01+00:00,replay,2020,11,Eifel Grand Prix,2020-10-11,pre_weekend,random_forest,42d1601,797,0.14931,40,20,0.25,0.13799,0.211509,0.197638,-0.07018,0.66194,0.2,0.18831,0,0.0
2026-09-07T20:53:19+00:00,replay,2020,12,Portuguese Grand Prix,2020-10-25,post_quali,random_forest,42d1601,797,0.14931,40,20,0.05,0.15168,0.053236,0.057362,0.07194,0.23243,1.0,1.0,1,10.0
2026-09-07T20:54:01+00:00,replay,2020,12,Portuguese Grand Prix,2020-10-25,pre_weekend,random_forest,42d1601,797,0.14931,40,20,0.05,0.15667,0.055419,0.057362,0.03389,0.24109,1.0,1.0,1,10.0
2026-09-07T20:53:19+00:00,replay,2020,13,Emilia Romagna Grand Prix,2020-11-01,post_quali,random_forest,42d1601,797,0.1468,40,20,0.25,0.16233,0.188503,0.19815,0.04869,0.5638,0.65333,0.43882,1,2.0
2026-09-07T20:54:01+00:00,replay,2020,13,Emilia Romagna Grand Prix,2020-11-01,pre_weekend,random_forest,42d1601,797,0.1468,40,20,0.25,0.16234,0.191743,0.19815,0.03233,0.57407,0.65333,0.42404,1,2.0
2026-09-07T20:53:19+00:00,replay,2020,14,Turkish Grand Prix,2020-11-15,post_quali,random_forest,42d1601,797,0.15182,40,19,0.15789,0.18564,0.136453,0.133001,-0.02595,0.44684,0.3125,0.15049,0,0.0
2026-09-07T20:54:01+00:00,replay,2020,14,Turkish Grand Prix,2020-11-15,pre_weekend,random_forest,42d1601,797,0.15182,40,19,0.15789,0.18973,0.135901,0.133001,-0.0218,0.44495,0.33333,0.15276,0,0.0
2026-09-07T20:53:19+00:00,replay,2020,15,Bahrain Grand Prix,2020-11-29,post_quali,random_forest,42d1601,796,0.15327,40,20,0.15,0.17501,0.125481,0.127511,0.01592,0.41555,0.62745,0.3366,1,3.333
2026-09-07T20:54:01+00:00,replay,2020,15,Bahrain Grand Prix,2020-11-29,pre_weekend,random_forest,42d1601,796,0.15327,40,20,0.15,0.16769,0.125328,0.127511,0.01712,0.41288,0.58824,0.24107,0,0.0
2026-09-07T20:53:19+00:00,replay,2020,16,Sakhir Grand Prix,2020-12-06,post_quali,random_forest,42d1601,796,0.15327,40,20,0.15,0.19819,0.128345,0.127511,-0.00654,0.42352,0.62745,0.24091,0,0.0
2026-09-07T20:54:01+00:00,replay,2020,16,Sakhir Grand Prix,2020-12-06,pre_weekend,random_forest,42d1601,796,0.15327,40,20,0.15,0.20991,0.129682,0.127511,-0.01703,0.42897,0.56863,0.24315,0,0.0
2026-09-07T20:53:19+00:00,replay,2020,17,Abu Dhabi Grand Prix,2020-12-13,post_quali,random_forest,42d1601,796,0.15201,40,20,0.05,0.14286,0.054783,0.057906,0.05393,0.23727,0.78947,0.2,0,0.0
2026-09-07T20:54:01+00:00,replay,2020,17,Abu Dhabi Grand Prix,2020-12-13,pre_weekend,random_forest,42d1601,796,0.15201,40,20,0.05,0.14739,0.055891,0.057906,0.0348,0.24177,0.73684,0.16667,0,0.0
2026-09-07T20:53:19+00:00,replay,2021,1,Bahrain Grand Prix,2021-03-28,post_quali,random_forest,42d1601,796,0.14824,40,20,0.2,0.21372,0.152549,0.162679,0.06227,0.47756,0.75,0.65152,2,5.0
2026-09-07T20:54:01+00:00,replay,2021,1,Bahrain Grand Prix,2021-03-28,pre_weekend,random_forest,42d1601,796,0.14824,40,20,0.2,0.20315,0.152922,0.162679,0.05998,0.47772,0.75781,0.65152,2,5.0
2026-09-07T20:53:19+00:00,replay,2021,2,Emilia Romagna Grand Prix,2021-04-18,post_quali,random_forest,42d1601,796,0.15075,40,20,0.2,0.1928,0.163128,0.162425,-0.00433,0.5149,0.48438,0.30784,1,2.5
2026-09-07T20:54:01+00:00,replay,2021,2,Emilia Romagna Grand Prix,2021-04-18,pre_weekend,random_forest,42d1601,796,0.15075,40,20,0.2,0.18637,0.166873,0.162425,-0.02738,0.52815,0.42188,0.24906,0,0.0
2026-09-07T20:53:19+00:00,replay,2021,3,Portuguese Grand Prix,2021-05-02,post_quali,random_forest,42d1601,796,0.1495,40,20,0.05,0.13416,0.055073,0.0574,0.04053,0.23737,0.52632,0.1,0,0.0
2026-09-07T20:54:01+00:00,replay,2021,3,Portuguese Grand Prix,2021-05-02,pre_weekend,random_forest,42d1601,796,0.1495,40,20,0.05,0.12616,0.055095,0.0574,0.04015,0.23787,0.31579,0.07143,0,0.0
2026-09-07T20:53:19+00:00,replay,2021,4,Spanish Grand Prix,2021-05-09,post_quali,random_forest,42d1601,796,0.14698,40,20,0.05,0.10322,0.049804,0.056906,0.1248,0.21217,0.73684,0.16667,0,0.0
2026-09-07T20:54:01+00:00,replay,2021,4,Spanish Grand Prix,2021-05-09,pre_weekend,random_forest,42d1601,796,0.14698,40,20,0.05,0.09648,0.05039,0.056906,0.1145,0.21575,0.52632,0.1,0,0.0
2026-09-07T20:53:19+00:00,replay,2021,5,Monaco Grand Prix,2021-05-23,post_quali,random_forest,42d1601,796,0.14322,40,19,0.05263,0.11021,0.05553,0.058067,0.0437,0.23732,0.27778,0.07143,0,0.0
2026-09-07T20:54:01+00:00,replay,2021,5,Monaco Grand Prix,2021-05-23,pre_weekend,random_forest,42d1601,796,0.14322,40,19,0.05263,0.11252,0.055014,0.058067,0.05258,0.23464,0.33333,0.07692,0,0.0
2026-09-07T20:53:19+00:00,replay,2021,6,Azerbaijan Grand Prix,2021-06-06,post_quali,random_forest,42d1601,795,0.14088,40,20,0.2,0.15118,0.160985,0.163495,0.01535,0.50464,0.53125,0.30402,1,2.5
2026-09-07T20:54:01+00:00,replay,2021,6,Azerbaijan Grand Prix,2021-06-06,pre_weekend,random_forest,42d1601,795,0.14088,40,20,0.2,0.14912,0.160366,0.163495,0.01914,0.50218,0.5,0.41186,1,2.5
2026-09-07T20:53:19+00:00,replay,2021,7,French Grand Prix,2021-06-20,post_quali,random_forest,42d1601,795,0.14088,40,20,0.0,0.13904,0.020208,0.019847,-0.01816,0.15031,,,0,
2026-09-07T20:54:01+00:00,replay,2021,7,French Grand Prix,2021-06-20,pre_weekend,random_forest,42d1601,795,0.14088,40,20,0.0,0.13581,0.018939,0.019847,0.04574,0.1463,,,0,
2026-09-07T20:53:19+00:00,replay,2021,8,Styrian Grand Prix,2021-06-27,post_quali,random_forest,42d1601,795,0.13836,40,20,0.1,0.18415,0.094838,0.091472,-0.0368,0.34598,0.52778,0.30556,1,5.0
2026-09-07T20:54:01+00:00,replay,2021,8,Styrian Grand Prix,2021-06-27,pre_weekend,random_forest,42d1601,795,0.13836,40,20,0.1,0.19145,0.094245,0.091472,-0.03032,0.34428,0.63889,0.56667,1,5.0
2026-09-07T20:53:19+00:00,replay,2021,9,Austrian Grand Prix,2021-07-04,post_quali,random_forest,42d1601,795,0.13962,40,20,0.1,0.12385,0.094854,0.09157,-0.03586,0.34345,0.30556,0.10513,0,0.0
2026-09-07T20:54:01+00:00,replay,2021,9,Austrian Grand Prix,2021-07-04,pre_weekend,random_forest,42d1601,795,0.13962,40,20,0.1,0.12558,0.093766,0.09157,-0.02398,0.33794,0.55556,0.19167,0,0.0
2026-09-07T20:53:19+00:00,replay,2021,10,British Grand Prix,2021-07-18,post_quali,random_forest,42d1601,795,0.13962,40,20,0.1,0.10549,0.094479,0.09157,-0.03177,0.34727,0.27778,0.10238,0,0.0
2026-09-07T20:54:01+00:00,replay,2021,10,British Grand Prix,2021-07-18,pre_weekend,random_forest,42d1601,795,0.13962,40,20,0.1,0.09827,0.092152,0.09157,-0.00636,0.33359,0.47222,0.13248,0,0.0
2026-09-07T20:53:19+00:00,replay,2021,11,Hungarian Grand Prix,2021-08-01,post_quali,random_forest,42d1601,795,0.14088,40,20,0.3,0.11163,0.249857,0.235319,-0.06178,0.76483,0.29762,0.26601,0,0.0
2026-09-07T20:54:01+00:00,replay,2021,11,Hungarian Grand Prix,2021-08-01,pre_weekend,random_forest,42d1601,795,0.14088,40,20,0.3,0.1062,0.250824,0.235319,-0.06589,0.76996,0.33333,0.26517,0,0.0
2026-09-07T20:53:19+00:00,replay,2021,12,Belgian Grand Prix,2021-08-29,post_quali,random_forest,42d1601,795,0.14843,40,20,0.0,0.16673,0.028095,0.022031,-0.27524,0.18261,,,0,
2026-09-07T20:54:01+00:00,replay,2021,12,Belgian Grand Prix,2021-08-29,pre_weekend,random_forest,42d1601,795,0.14843,40,20,0.0,0.15125,0.023082,0.022031,-0.04772,0.16413,,,0,
2026-09-07T20:53:19+00:00,replay,2021,13,Dutch Grand Prix,2021-09-05,post_quali,random_forest,42d1601,795,0.14465,40,20,0.15,0.1822,0.12778,0.127529,-0.00197,0.42351,0.58824,0.25185,0,0.0
2026-09-07T20:54:01+00:00,replay,2021,13,Dutch Grand Prix,2021-09-05,pre_weekend,random_forest,42d1601,795,0.14465,40,20,0.15,0.18062,0.127332,0.127529,0.00154,0.4222,0.64706,0.32857,1,3.333
2026-09-07T20:53:19+00:00,replay,2021,14,Italian Grand Prix,2021-09-12,post_quali,random_forest,42d1601,795,0.13962,40,19,0.21053,0.19215,0.163107,0.171232,0.04745,0.50544,0.73333,0.68382,2,4.75
2026-09-07T20:54:01+00:00,replay,2021,14,Italian Grand Prix,2021-09-12,pre_weekend,random_forest,42d1601,795,0.13962,40,19,0.21053,0.20459,0.16343,0.171232,0.04557,0.50702,0.65,0.5127,1,2.375
2026-09-07T20:53:19+00:00,replay,2021,15,Russian Grand Prix,2021-09-26,post_quali,random_forest,42d1601,794,0.14358,40,20,0.1,0.17149,0.092197,0.091899,-0.00324,0.33566,0.66667,0.57143,1,5.0
2026-09-07T20:54:01+00:00,replay,2021,15,Russian Grand Prix,2021-09-26,pre_weekend,random_forest,42d1601,794,0.14358,40,20,0.1,0.17295,0.092756,0.091899,-0.00932,0.3376,0.69444,0.57692,1,5.0
2026-09-07T20:53:19+00:00,replay,2021,16,Turkish Grand Prix,2021-10-10,post_quali,random_forest,42d1601,794,0.14106,40,20,0.0,0.10914,0.012294,0.019897,0.38214,0.11581,,,0,
2026-09-07T20:54:01+00:00,replay,2021,16,Turkish Grand Prix,2021-10-10,pre_weekend,random_forest,42d1601,794,0.14106,40,20,0.0,0.1058,0.011579,0.019897,0.41809,0.11207,,,0,
2026-09-07T20:53:19+00:00,replay,2021,17,United States Grand Prix,2021-10-24,post_quali,random_forest,42d1601,794,0.13728,40,20,0.15,0.08488,0.133294,0.127662,-0.04412,0.45565,0.45098,0.18045,0,0.0
2026-09-07T20:54:01+00:00,replay,2021,17,United States Grand Prix,2021-10-24,pre_weekend,random_forest,42d1601,794,0.13728,40,20,0.15,0.07886,0.136782,0.127662,-0.07144,0.48156,0.17647,0.12009,0,0.0
2026-09-07T20:53:19+00:00,replay,2021,18,Mexico City Grand Prix,2021-11-07,post_quali,random_forest,42d1601,794,0.13728,40,20,0.1,0.14031,0.087345,0.09139,0.04425,0.3152,0.91667,0.7,1,5.0
2026-09-07T20:54:01+00:00,replay,2021,18,Mexico City Grand Prix,2021-11-07,pre_weekend,random_forest,42d1601,794,0.13728,40,20,0.1,0.14411,0.086842,0.09139,0.04976,0.31441,0.88889,0.66667,1,5.0
2026-09-07T20:53:19+00:00,replay,2021,19,São Paulo Grand Prix,2021-11-14,post_quali,random_forest,42d1601,794,0.1335,40,20,0.1,0.12848,0.092954,0.091122,-0.0201,0.33839,0.33333,0.11111,0,0.0
2026-09-07T20:54:01+00:00,replay,2021,19,São Paulo Grand Prix,2021-11-14,pre_weekend,random_forest,42d1601,794,0.1335,40,20,0.1,0.12536,0.09352,0.091122,-0.02631,0.34137,0.25,0.09809,0,0.0
2026-09-07T20:53:19+00:00,replay,2021,20,Qatar Grand Prix,2021-11-21,post_quali,random_forest,42d1601,794,0.13476,40,20,0.1,0.16366,0.092528,0.091208,-0.01447,0.33621,0.63889,0.32143,1,5.0
2026-09-07T20:54:01+00:00,replay,2021,20,Qatar Grand Prix,2021-11-21,pre_weekend,random_forest,42d1601,794,0.13476,40,20,0.1,0.17701,0.096507,0.091208,-0.05809,0.35081,0.5,0.30263,1,5.0
2026-09-07T20:53:19+00:00,replay,2021,21,Saudi Arabian Grand Prix,2021-12-05,post_quali,random_forest,42d1601,795,0.13585,40,20,0.25,0.13816,0.195133,0.20053,0.02692,0.58654,0.72,0.45978,0,0.0
2026-09-07T20:54:01+00:00,replay,2021,21,Saudi Arabian Grand Prix,2021-12-05,pre_weekend,random_forest,42d1601,795,0.13585,40,20,0.25,0.14625,0.196453,0.20053,0.02034,0.59243,0.61333,0.39709,1,2.0
2026-09-07T20:53:19+00:00,replay,2021,22,Abu Dhabi Grand Prix,2021-12-12,post_quali,random_forest,42d1601,795,0.13711,40,19,0.26316,0.09644,0.216787,0.209795,-0.03333,0.66532,0.71429,0.47511,1,1.9
2026-09-07T20:54:01+00:00,replay,2021,22,Abu Dhabi Grand Prix,2021-12-12,pre_weekend,random_forest,42d1601,795,0.13711,40,19,0.26316,0.10436,0.215157,0.209795,-0.02556,0.66098,0.57143,0.41192,1,1.9
2026-09-07T20:53:19+00:00,replay,2022,1,Bahrain Grand Prix,2022-03-20,post_quali,random_forest,42d1601,794,0.13854,40,20,0.15,0.20397,0.136369,0.127631,-0.06846,0.44895,0.33333,0.14409,0,0.0
2026-09-07T20:54:01+00:00,replay,2022,1,Bahrain Grand Prix,2022-03-20,pre_weekend,random_forest,42d1601,794,0.13854,40,20,0.15,0.21356,0.137113,0.127631,-0.07429,0.45013,0.41176,0.16014,0,0.0
2026-09-07T20:53:19+00:00,replay,2022,2,Saudi Arabian Grand Prix,2022-03-27,post_quali,random_forest,42d1601,794,0.14106,40,19,0.31579,0.16158,0.233635,0.246598,0.05256,0.68265,0.51282,0.5465,2,3.167
2026-09-07T20:54:01+00:00,replay,2022,2,Saudi Arabian Grand Prix,2022-03-27,pre_weekend,random_forest,42d1601,794,0.14106,40,19,0.31579,0.16895,0.231248,0.246598,0.06224,0.67205,0.57692,0.57705,2,3.167
2026-09-07T20:53:19+00:00,replay,2022,3,Australian Grand Prix,2022-04-10,post_quali,random_forest,42d1601,793,0.13745,40,20,0.15,0.1372,0.130591,0.127657,-0.02298,0.43318,0.5098,0.19213,0,0.0
2026-09-07T20:54:01+00:00,replay,2022,3,Australian Grand Prix,2022-04-10,pre_weekend,random_forest,42d1601,793,0.13745,40,20,0.15,0.1304,0.130572,0.127657,-0.02283,0.43688,0.43137,0.21667,0,0.0
2026-09-07T20:53:19+00:00,replay,2022,4,Emilia Romagna Grand Prix,2022-04-24,post_quali,random_forest,42d1601,793,0.13745,40,20,0.1,0.14447,0.095998,0.091403,-0.05027,0.34969,0.22222,0.0943,0,0.0
2026-09-07T20:54:01+00:00,replay,2022,4,Emilia Romagna Grand Prix,2022-04-24,pre_weekend,random_forest,42d1601,793,0.13745,40,20,0.1,0.14515,0.095474,0.091403,-0.04454,0.34678,0.30556,0.10819,0,0.0
2026-09-07T20:53:19+00:00,replay,2022,5,Miami Grand Prix,2022-05-08,post_quali,random_forest,42d1601,793,0.13871,40,20,0.25,0.13318,0.207205,0.199885,-0.03662,0.63995,0.33333,0.22063,0,0.0
2026-09-07T20:54:01+00:00,replay,2022,5,Miami Grand Prix,2022-05-08,pre_weekend,random_forest,42d1601,793,0.13871,40,20,0.25,0.12775,0.211182,0.199885,-0.05652,0.65691,0.26667,0.20181,0,0.0
2026-09-07T20:53:19+00:00,replay,2022,6,Spanish Grand Prix,2022-05-22,post_quali,random_forest,42d1601,794,0.14232,40,20,0.1,0.1279,0.091159,0.091791,0.00688,0.33024,0.44444,0.12917,0,0.0
2026-09-07T20:54:01+00:00,replay,2022,6,Spanish Grand Prix,2022-05-22,pre_weekend,random_forest,42d1601,794,0.14232,40,20,0.1,0.12385,0.090359,0.091791,0.01559,0.32655,0.58333,0.17692,0,0.0
2026-09-07T20:53:19+00:00,replay,2022,7,Monaco Grand Prix,2022-05-29,post_quali,random_forest,42d1601,794,0.14358,40,20,0.15,0.11173,0.131295,0.127541,-0.02943,0.44111,0.35294,0.14811,0,0.0
2026-09-07T20:54:01+00:00,replay,2022,7,Monaco Grand Prix,2022-05-29,pre_weekend,random_forest,42d1601,794,0.14358,40,20,0.15,0.10194,0.130758,0.127541,-0.02522,0.43884,0.45098,0.18105,0,0.0
2026-09-07T20:53:19+00:00,replay,2022,8,Azerbaijan Grand Prix,2022-06-12,post_quali,random_forest,42d1601,794,0.1461,40,20,0.25,0.15365,0.192598,0.198296,0.02873,0.57575,0.62667,0.33357,0,0.0
2026-09-07T20:54:01+00:00,replay,2022,8,Azerbaijan Grand Prix,2022-06-12,pre_weekend,random_forest,42d1601,794,0.1461,40,20,0.25,0.16105,0.193449,0.198296,0.02444,0.57939,0.66667,0.35258,0,0.0
2026-09-07T20:53:19+00:00,replay,2022,9,Canadian Grand Prix,2022-06-19,post_quali,random_forest,42d1601,795,0.14969,40,20,0.15,0.14231,0.124394,0.1275,0.02436,0.40911,0.64706,0.31667,1,3.333
2026-09-07T20:54:01+00:00,replay,2022,9,Canadian Grand Prix,2022-06-19,pre_weekend,random_forest,42d1601,795,0.14969,40,20,0.15,0.14904,0.125396,0.1275,0.0165,0.41373,0.60784,0.25661,0,0.0
2026-09-07T20:53:19+00:00,replay,2022,10,British Grand Prix,2022-07-03,post_quali,random_forest,42d1601,795,0.14843,40,20,0.3,0.14225,0.236903,0.232974,-0.01686,0.7046,0.46429,0.32153,0,0.0
2026-09-07T20:54:01+00:00,replay,2022,10,British Grand Prix,2022-07-03,pre_weekend,random_forest,42d1601,795,0.14843,40,20,0.3,0.13942,0.238494,0.232974,-0.02369,0.71019,0.41667,0.29716,0,0.0
2026-09-07T20:53:19+00:00,replay,2022,11,Austrian Grand Prix,2022-07-10,post_quali,random_forest,42d1601,795,0.14591,40,20,0.15,0.14344,0.122357,0.127517,0.04046,0.40109,0.7451,0.36111,1,3.333
2026-09-07T20:54:01+00:00,replay,2022,11,Austrian Grand Prix,2022-07-10,pre_weekend,random_forest,42d1601,795,0.14591,40,20,0.15,0.13798,0.12184,0.127517,0.04452,0.39925,0.78431,0.4,1,3.333
2026-09-07T20:53:19+00:00,replay,2022,12,French Grand Prix,2022-07-24,post_quali,random_forest,42d1601,795,0.14717,40,20,0.2,0.12111,0.162806,0.162791,-9e-05,0.51372,0.60938,0.45466,1,2.5
2026-09-07T20:54:01+00:00,replay,2022,12,French Grand Prix,2022-07-24,pre_weekend,random_forest,42d1601,795,0.14717,40,20,0.2,0.12306,0.162951,0.162791,-0.00098,0.51283,0.60938,0.37132,1,2.5
2026-09-07T20:53:19+00:00,replay,2022,13,Hungarian Grand Prix,2022-07-31,post_quali,random_forest,42d1601,795,0.14591,40,20,0.05,0.17178,0.063259,0.056699,-0.1157,0.26806,0.47368,0.09091,0,0.0
2026-09-07T20:54:01+00:00,replay,2022,13,Hungarian Grand Prix,2022-07-31,pre_weekend,random_forest,42d1601,795,0.14591,40,20,0.05,0.17685,0.064108,0.056699,-0.13066,0.27089,0.63158,0.125,0,0.0
2026-09-07T20:53:19+00:00,replay,2022,14,Belgian Grand Prix,2022-08-28,post_quali,random_forest,42d1601,795,0.14591,40,20,0.1,0.14471,0.095069,0.092108,-0.03214,0.34624,0.41667,0.15263,0,0.0
2026-09-07T20:54:01+00:00,replay,2022,14,Belgian Grand Prix,2022-08-28,pre_weekend,random_forest,42d1601,795,0.14591,40,20,0.1,0.14392,0.094061,0.092108,-0.0212,0.34151,0.52778,0.22549,0,0.0
2026-09-07T20:53:19+00:00,replay,2022,15,Dutch Grand Prix,2022-09-04,post_quali,random_forest,42d1601,795,0.14214,40,20,0.1,0.12451,0.091749,0.091776,0.00029,0.33315,0.44444,0.17763,0,0.0
2026-09-07T20:54:01+00:00,replay,2022,15,Dutch Grand Prix,2022-09-04,pre_weekend,random_forest,42d1601,795,0.14214,40,20,0.1,0.12757,0.090595,0.091776,0.01287,0.32679,0.55556,0.19167,0,0.0
2026-09-07T20:53:19+00:00,replay,2022,16,Italian Grand Prix,2022-09-11,post_quali,random_forest,42d1601,796,0.1407,40,20,0.2,0.1953,0.17741,0.163516,-0.08497,0.5598,0.07812,0.13858,0,0.0
2026-09-07T20:54:01+00:00,replay,2022,16,Italian Grand Prix,2022-09-11,pre_weekend,random_forest,42d1601,796,0.1407,40,20,0.2,0.19118,0.174326,0.163516,-0.06611,0.54802,0.10938,0.14286,0,0.0
2026-09-07T20:53:19+00:00,replay,2022,17,Singapore Grand Prix,2022-10-02,post_quali,random_forest,42d1601,796,0.14196,40,20,0.3,0.14813,0.229336,0.234977,0.024,0.67246,0.63095,0.45952,1,1.667
2026-09-07T20:54:01+00:00,replay,2022,17,Singapore Grand Prix,2022-10-02,pre_weekend,random_forest,42d1601,796,0.14196,40,20,0.3,0.14826,0.232268,0.234977,0.01153,0.68436,0.54762,0.40328,1,1.667
2026-09-07T20:53:19+00:00,replay,2022,18,Japanese Grand Prix,2022-10-09,post_quali,random_forest,42d1601,796,0.14573,40,20,0.1,0.1252,0.088879,0.092091,0.03487,0.31939,0.72222,0.26667,0,0.0
2026-09-07T20:54:01+00:00,replay,2022,18,Japanese Grand Prix,2022-10-09,pre_weekend,random_forest,42d1601,796,0.14573,40,20,0.1,0.11966,0.087595,0.092091,0.04883,0.31345,0.77778,0.29167,0,0.0
2026-09-07T20:53:19+00:00,replay,2022,19,United States Grand Prix,2022-10-23,post_quali,random_forest,42d1601,796,0.14698,40,20,0.15,0.12847,0.131156,0.127509,-0.0286,0.43779,0.33333,0.14387,0,0.0
2026-09-07T20:54:01+00:00,replay,2022,19,United States Grand Prix,2022-10-23,pre_weekend,random_forest,42d1601,796,0.14698,40,20,0.15,0.12417,0.127612,0.127509,-0.00081,0.42168,0.58824,0.21667,0,0.0
2026-09-07T20:53:19+00:00,replay,2022,20,Mexico City Grand Prix,2022-10-30,post_quali,random_forest,42d1601,796,0.14573,40,20,0.1,0.17882,0.10298,0.092091,-0.11824,0.3702,0.22222,0.09402,0,0.0
2026-09-07T20:54:01+00:00,replay,2022,20,Mexico City Grand Prix,2022-10-30,pre_weekend,random_forest,42d1601,796,0.14573,40,20,0.1,0.17133,0.099566,0.092091,-0.08117,0.35778,0.38889,0.11859,0,0.0
2026-09-07T20:53:19+00:00,replay,2022,21,São Paulo Grand Prix,2022-11-13,post_quali,random_forest,42d1601,796,0.14322,40,20,0.15,0.12539,0.127271,0.127546,0.00216,0.42102,0.56863,0.22086,0,0.0
2026-09-07T20:54:01+00:00,replay,2022,21,São Paulo Grand Prix,2022-11-13,pre_weekend,random_forest,42d1601,796,0.14322,40,20,0.15,0.12511,0.127483,0.127546,0.00049,0.42205,0.5098,0.20604,0,0.0
2026-09-07T20:53:19+00:00,replay,2022,22,Abu Dhabi Grand Prix,2022-11-20,post_quali,random_forest,42d1601,796,0.14573,40,20,0.15,0.17715,0.130126,0.127518,-0.02045,0.43396,0.4902,0.44017,1,3.333
2026-09-07T20:54:01+00:00,replay,2022,22,Abu Dhabi Grand Prix,2022-11-20,pre_weekend,random_forest,42d1601,796,0.14573,40,20,0.15,0.18128,0.127697,0.127518,-0.0014,0.42442,0.5098,0.44444,1,3.333
2026-09-07T20:53:19+00:00,replay,2023,1,Bahrain Grand Prix,2023-03-05,post_quali,random_forest,42d1601,796,0.14824,40,20,0.15,0.17132,0.129285,0.127503,-0.01397,0.42931,0.45098,0.27058,1,3.333
2026-09-07T20:54:01+00:00,replay,2023,1,Bahrain Grand Prix,2023-03-05,pre_weekend,random_forest,42d1601,796,0.14824,40,20,0.15,0.15538,0.128733,0.127503,-0.00964,0.4274,0.43137,0.21429,0,0.0
2026-09-07T20:53:19+00:00,replay,2023,2,Saudi Arabian Grand Prix,2023-03-19,post_quali,random_forest,42d1601,797,0.15056,40,20,0.1,0.21979,0.100588,0.092557,-0.08677,0.36243,0.72222,0.34091,1,5.0
2026-09-07T20:54:01+00:00,replay,2023,2,Saudi Arabian Grand Prix,2023-03-19,pre_weekend,random_forest,42d1601,797,0.15056,40,20,0.1,0.2211,0.101213,0.092557,-0.09352,0.3643,0.75,0.27778,0,0.0
2026-09-07T20:53:19+00:00,replay,2023,3,Australian Grand Prix,2023-04-02,post_quali,random_forest,42d1601,797,0.14806,40,20,0.4,0.15006,0.294503,0.303476,0.02957,0.83642,0.60417,0.61389,2,2.5
2026-09-07T20:54:01+00:00,replay,2023,3,Australian Grand Prix,2023-04-02,pre_weekend,random_forest,42d1601,797,0.14806,40,20,0.4,0.14641,0.2974,0.303476,0.02002,0.84555,0.59375,0.60842,2,2.5
2026-09-07T20:53:19+00:00,replay,2023,4,Azerbaijan Grand Prix,2023-04-30,post_quali,random_forest,42d1601,797,0.15809,40,20,0.1,0.18153,0.094379,0.093375,-0.01075,0.34167,0.69444,0.21111,0,0.0
2026-09-07T20:54:01+00:00,replay,2023,4,Azerbaijan Grand Prix,2023-04-30,pre_weekend,random_forest,42d1601,797,0.15809,40,20,0.1,0.18287,0.094102,0.093375,-0.00778,0.34189,0.88889,0.41667,0,0.0
2026-09-07T20:53:19+00:00,replay,2023,5,Miami Grand Prix,2023-05-07,post_quali,random_forest,42d1601,797,0.15809,40,20,0.0,0.15371,0.024932,0.024993,0.00246,0.16781,,,0,
2026-09-07T20:54:01+00:00,replay,2023,5,Miami Grand Prix,2023-05-07,pre_weekend,random_forest,42d1601,797,0.15809,40,20,0.0,0.1597,0.026761,0.024993,-0.07072,0.17489,,,0,
2026-09-07T20:53:19+00:00,replay,2023,6,Monaco Grand Prix,2023-05-28,post_quali,random_forest,42d1601,797,0.15558,40,20,0.1,0.16618,0.097421,0.09309,-0.04654,0.34928,0.55556,0.15556,0,0.0
2026-09-07T20:54:01+00:00,replay,2023,6,Monaco Grand Prix,2023-05-28,pre_weekend,random_forest,42d1601,797,0.15558,40,20,0.1,0.16212,0.096047,0.09309,-0.03177,0.34406,0.55556,0.15556,0,0.0
2026-09-07T20:53:19+00:00,replay,2023,7,Spanish Grand Prix,2023-06-04,post_quali,random_forest,42d1601,797,0.15558,40,20,0.0,0.14316,0.021127,0.024206,0.1272,0.15494,,,0,
2026-09-07T20:54:01+00:00,replay,2023,7,Spanish Grand Prix,2023-06-04,pre_weekend,random_forest,42d1601,797,0.15558,40,20,0.0,0.15001,0.022903,0.024206,0.05383,0.16281,,,0,
2026-09-07T20:53:19+00:00,replay,2023,8,Canadian Grand Prix,2023-06-18,post_quali,random_forest,42d1601,797,0.14806,40,20,0.1,0.144,0.091748,0.092309,0.00608,0.3386,0.5,0.55,1,5.0
2026-09-07T20:54:01+00:00,replay,2023,8,Canadian Grand Prix,2023-06-18,pre_weekend,random_forest,42d1601,797,0.14806,40,20,0.1,0.14685,0.093484,0.092309,-0.01273,0.34074,0.5,0.22222,0,0.0
2026-09-07T20:53:19+00:00,replay,2023,9,Austrian Grand Prix,2023-07-02,post_quali,random_forest,42d1601,797,0.15056,40,20,0.05,0.16901,0.061261,0.057613,-0.06332,0.26072,0.73684,0.16667,0,0.0
2026-09-07T20:54:01+00:00,replay,2023,9,Austrian Grand Prix,2023-07-02,pre_weekend,random_forest,42d1601,797,0.15056,40,20,0.05,0.15632,0.058124,0.057613,-0.00886,0.24939,0.73684,0.16667,0,0.0
2026-09-07T20:53:19+00:00,replay,2023,10,British Grand Prix,2023-07-09,post_quali,random_forest,42d1601,797,0.14806,40,20,0.15,0.17154,0.127777,0.127504,-0.00214,0.42074,0.54902,0.19907,0,0.0
2026-09-07T20:54:01+00:00,replay,2023,10,British Grand Prix,2023-07-09,pre_weekend,random_forest,42d1601,797,0.14806,40,20,0.15,0.17098,0.129077,0.127504,-0.01234,0.42391,0.52941,0.19167,0,0.0
2026-09-07T20:53:19+00:00,replay,2023,11,Hungarian Grand Prix,2023-07-23,post_quali,random_forest,42d1601,798,0.14662,40,20,0.15,0.10105,0.133563,0.127511,-0.04746,0.45273,0.39216,0.15595,0,0.0
2026-09-07T20:54:01+00:00,replay,2023,11,Hungarian Grand Prix,2023-07-23,pre_weekend,random_forest,42d1601,798,0.14662,40,20,0.15,0.09065,0.134971,0.127511,-0.0585,0.46157,0.39216,0.15604,0,0.0
2026-09-07T20:53:19+00:00,replay,2023,12,Belgian Grand Prix,2023-07-30,post_quali,random_forest,42d1601,798,0.14787,40,20,0.1,0.13587,0.096494,0.092292,-0.04553,0.35343,0.27778,0.10263,0,0.0
2026-09-07T20:54:01+00:00,replay,2023,12,Belgian Grand Prix,2023-07-30,pre_weekend,random_forest,42d1601,798,0.14787,40,20,0.1,0.12809,0.094888,0.092292,-0.02813,0.34818,0.25,0.09809,0,0.0
2026-09-07T20:53:19+00:00,replay,2023,13,Dutch Grand Prix,2023-08-27,post_quali,random_forest,42d1601,798,0.15038,40,20,0.15,0.12374,0.129279,0.1275,-0.01395,0.43239,0.5098,0.23333,0,0.0
2026-09-07T20:54:01+00:00,replay,2023,13,Dutch Grand Prix,2023-08-27,pre_weekend,random_forest,42d1601,798,0.15038,40,20,0.15,0.1134,0.130054,0.1275,-0.02003,0.4383,0.5098,0.28045,1,3.333
2026-09-07T20:53:19+00:00,replay,2023,14,Italian Grand Prix,2023-09-03,post_quali,random_forest,42d1601,798,0.15038,40,19,0.05263,0.1861,0.067936,0.059415,-0.1434,0.28195,0.55556,0.11111,0,0.0
2026-09-07T20:54:01+00:00,replay,2023,14,Italian Grand Prix,2023-09-03,pre_weekend,random_forest,42d1601,798,0.15038,40,19,0.05263,0.17751,0.066584,0.059415,-0.12066,0.27703,0.5,0.1,0,0.0
2026-09-07T20:53:19+00:00,replay,2023,15,Singapore Grand Prix,2023-09-17,post_quali,random_forest,42d1601,797,0.14931,40,19,0.21053,0.18315,0.169249,0.169952,0.00414,0.5239,0.41667,0.21381,0,0.0
2026-09-07T20:54:01+00:00,replay,2023,15,Singapore Grand Prix,2023-09-17,pre_weekend,random_forest,42d1601,797,0.14931,40,19,0.21053,0.18735,0.168719,0.169952,0.00726,0.52223,0.48333,0.23485,0,0.0
2026-09-07T20:53:19+00:00,replay,2023,16,Japanese Grand Prix,2023-09-24,post_quali,random_forest,42d1601,796,0.15201,40,20,0.25,0.12727,0.196717,0.197102,0.00196,0.59185,0.68,0.4171,1,2.0
2026-09-07T20:54:01+00:00,replay,2023,16,Japanese Grand Prix,2023-09-24,pre_weekend,random_forest,42d1601,796,0.15201,40,20,0.25,0.12652,0.199431,0.197102,-0.01181,0.60488,0.69333,0.53343,1,2.0
2026-09-07T20:53:19+00:00,replay,2023,17,Qatar Grand Prix,2023-10-08,post_quali,random_forest,42d1601,796,0.15578,40,19,0.10526,0.18488,0.103895,0.096735,-0.07402,0.37357,0.47059,0.22222,0,0.0
2026-09-07T20:54:01+00:00,replay,2023,17,Qatar Grand Prix,2023-10-08,pre_weekend,random_forest,42d1601,796,0.15578,40,19,0.10526,0.1905,0.106706,0.096735,-0.10308,0.3813,0.32353,0.11806,0,0.0
2026-09-07T20:53:19+00:00,replay,2023,18,United States Grand Prix,2023-10-22,post_quali,random_forest,42d1601,795,0.1522,40,20,0.15,0.13882,0.127137,0.127505,0.00289,0.41779,0.56863,0.20665,0,0.0
2026-09-07T20:54:01+00:00,replay,2023,18,United States Grand Prix,2023-10-22,pre_weekend,random_forest,42d1601,795,0.1522,40,20,0.15,0.14443,0.126238,0.127505,0.00993,0.41542,0.56863,0.20655,0,0.0
2026-09-07T20:53:19+00:00,replay,2023,19,Mexico City Grand Prix,2023-10-29,post_quali,random_forest,42d1601,796,0.1495,40,19,0.21053,0.11566,0.165125,0.16993,0.02827,0.50698,0.81667,0.63258,1,2.375
2026-09-07T20:54:01+00:00,replay,2023,19,Mexico City Grand Prix,2023-10-29,pre_weekend,random_forest,42d1601,796,0.1495,40,19,0.21053,0.12236,0.169187,0.16993,0.00437,0.52882,0.58333,0.49107,1,2.375
2026-09-07T20:53:19+00:00,replay,2023,20,São Paulo Grand Prix,2023-11-05,post_quali,random_forest,42d1601,795,0.15094,40,19,0.26316,0.13768,0.208803,0.206498,-0.01116,0.62605,0.51429,0.33371,1,1.9
2026-09-07T20:54:01+00:00,replay,2023,20,São Paulo Grand Prix,2023-11-05,pre_weekend,random_forest,42d1601,795,0.15094,40,19,0.26316,0.14415,0.210795,0.206498,-0.02081,0.63561,0.47143,0.28004,0,0.0
2026-09-07T20:53:19+00:00,replay,2023,21,Las Vegas Grand Prix,2023-11-18,post_quali,random_forest,42d1601,795,0.14969,40,20,0.15,0.16752,0.126137,0.1275,0.01069,0.41731,0.56863,0.45644,1,3.333
2026-09-07T20:54:01+00:00,replay,2023,21,Las Vegas Grand Prix,2023-11-18,pre_weekend,random_forest,42d1601,795,0.14969,40,20,0.15,0.16884,0.125317,0.1275,0.01712,0.41414,0.60784,0.25661,0,0.0
2026-09-07T20:53:19+00:00,replay,2023,22,Abu Dhabi Grand Prix,2023-11-26,post_quali,random_forest,42d1601,795,0.14969,40,20,0.05,0.1372,0.053341,0.057437,0.07131,0.23038,0.89474,0.33333,0,0.0
2026-09-07T20:54:01+00:00,replay,2023,22,Abu Dhabi Grand Prix,2023-11-26,pre_weekend,random_forest,42d1601,795,0.14969,40,20,0.05,0.14611,0.056972,0.057437,0.00811,0.24573,0.47368,0.09091,0,0.0
2026-09-07T20:53:19+00:00,replay,2024,1,Bahrain Grand Prix,2024-03-02,post_quali,random_forest,42d1601,795,0.14843,40,20,0.0,0.14784,0.023051,0.022031,-0.04632,0.16081,,,0,
2026-09-07T20:54:01+00:00,replay,2024,1,Bahrain Grand Prix,2024-03-02,pre_weekend,random_forest,42d1601,795,0.14843,40,20,0.0,0.13845,0.019849,0.022031,0.09904,0.14948,,,0,
2026-09-07T20:53:19+00:00,replay,2024,2,Saudi Arabian Grand Prix,2024-03-09,post_quali,random_forest,42d1601,795,0.14214,40,20,0.1,0.16002,0.091436,0.091776,0.0037,0.32839,0.69444,0.21111,0,0.0
2026-09-07T20:54:01+00:00,replay,2024,2,Saudi Arabian Grand Prix,2024-03-09,pre_weekend,random_forest,42d1601,795,0.14214,40,20,0.1,0.1567,0.09319,0.091776,-0.01541,0.33558,0.55556,0.15476,0,0.0
2026-09-07T20:53:19+00:00,replay,2024,3,Australian Grand Prix,2024-03-24,post_quali,random_forest,42d1601,795,0.14214,40,19,0.15789,0.1918,0.149829,0.133212,-0.12474,0.49501,0.14583,0.12215,0,0.0
2026-09-07T20:54:01+00:00,replay,2024,3,Australian Grand Prix,2024-03-24,pre_weekend,random_forest,42d1601,795,0.14214,40,19,0.15789,0.19743,0.1516,0.133212,-0.13803,0.49835,0.08333,0.11531,0,0.0
2026-09-07T20:53:19+00:00,replay,2024,4,Japanese Grand Prix,2024-04-07,post_quali,random_forest,42d1601,794,0.14232,40,20,0.15,0.13974,0.117765,0.127559,0.07678,0.38603,0.84314,0.75758,2,6.667
2026-09-07T20:54:01+00:00,replay,2024,4,Japanese Grand Prix,2024-04-07,pre_weekend,random_forest,42d1601,794,0.14232,40,20,0.15,0.13518,0.121431,0.127559,0.04804,0.39822,0.82353,0.56944,1,3.333
2026-09-07T20:53:19+00:00,replay,2024,5,Chinese Grand Prix,2024-04-21,post_quali,random_forest,42d1601,794,0.1398,40,20,0.15,0.13393,0.126578,0.127604,0.00804,0.4148,0.60784,0.22692,0,0.0
2026-09-07T20:54:01+00:00,replay,2024,5,Chinese Grand Prix,2024-04-21,pre_weekend,random_forest,42d1601,794,0.1398,40,20,0.15,0.12911,0.125881,0.127604,0.0135,0.41381,0.58824,0.21574,0,0.0
2026-09-07T20:53:19+00:00,replay,2024,6,Miami Grand Prix,2024-05-05,post_quali,random_forest,42d1601,794,0.1398,40,20,0.05,0.10518,0.04546,0.055564,0.18185,0.19241,1.0,1.0,1,10.0
2026-09-07T20:54:01+00:00,replay,2024,6,Miami Grand Prix,2024-05-05,pre_weekend,random_forest,42d1601,794,0.1398,40,20,0.05,0.10536,0.046697,0.055564,0.15958,0.19788,1.0,1.0,1,10.0
2026-09-07T20:53:19+00:00,replay,2024,7,Emilia Romagna Grand Prix,2024-05-19,post_quali,random_forest,42d1601,794,0.1335,40,20,0.05,0.11612,0.052278,0.054472,0.04029,0.22257,0.57895,0.11111,0,0.0
2026-09-07T20:54:01+00:00,replay,2024,7,Emilia Romagna Grand Prix,2024-05-19,pre_weekend,random_forest,42d1601,794,0.1335,40,20,0.05,0.11244,0.049321,0.054472,0.09457,0.21075,0.84211,0.25,0,0.0
2026-09-07T20:53:19+00:00,replay,2024,8,Monaco Grand Prix,2024-05-26,post_quali,random_forest,42d1601,794,0.13098,40,20,0.2,0.14743,0.153703,0.164763,0.06713,0.47545,0.70312,0.52143,1,2.5
2026-09-07T20:54:01+00:00,replay,2024,8,Monaco Grand Prix,2024-05-26,pre_weekend,random_forest,42d1601,794,0.13098,40,20,0.2,0.14407,0.164581,0.164763,0.00111,0.52158,0.48438,0.2279,0,0.0
2026-09-07T20:53:19+00:00,replay,2024,9,Canadian Grand Prix,2024-06-09,post_quali,random_forest,42d1601,794,0.13098,40,20,0.25,0.10203,0.20418,0.201665,-0.01247,0.62736,0.69333,0.50381,1,2.0
2026-09-07T20:54:01+00:00,replay,2024,9,Canadian Grand Prix,2024-06-09,pre_weekend,random_forest,42d1601,794,0.13098,40,20,0.25,0.10236,0.206785,0.201665,-0.02539,0.64842,0.52,0.48508,1,2.0
2026-09-07T20:53:19+00:00,replay,2024,10,Spanish Grand Prix,2024-06-23,post_quali,random_forest,42d1601,794,0.13602,40,20,0.0,0.12172,0.015998,0.018501,0.13533,0.13057,,,0,
2026-09-07T20:54:01+00:00,replay,2024,10,Spanish Grand Prix,2024-06-23,pre_weekend,random_forest,42d1601,794,0.13602,40,20,0.0,0.12208,0.015845,0.018501,0.14358,0.13082,,,0,
2026-09-07T20:53:19+00:00,replay,2024,11,Austrian Grand Prix,2024-06-30,post_quali,random_forest,42d1601,794,0.1335,40,20,0.0,0.13486,0.019113,0.017823,-0.0724,0.14548,,,0,
2026-09-07T20:54:01+00:00,replay,2024,11,Austrian Grand Prix,2024-06-30,pre_weekend,random_forest,42d1601,794,0.1335,40,20,0.0,0.13309,0.018464,0.017823,-0.036,0.14332,,,0,
2026-09-07T20:53:19+00:00,replay,2024,12,British Grand Prix,2024-07-07,post_quali,random_forest,42d1601,794,0.13098,40,19,0.05263,0.13205,0.058937,0.056,-0.05244,0.25006,0.22222,0.06667,0,0.0
2026-09-07T20:54:01+00:00,replay,2024,12,British Grand Prix,2024-07-07,pre_weekend,random_forest,42d1601,794,0.13098,40,19,0.05263,0.13939,0.060441,0.056,-0.0793,0.25466,0.27778,0.07143,0,0.0
2026-09-07T20:53:19+00:00,replay,2024,13,Hungarian Grand Prix,2024-07-21,post_quali,random_forest,42d1601,793,0.12736,40,20,0.05,0.1427,0.053331,0.053485,0.00288,0.22849,0.89474,0.33333,0,0.0
2026-09-07T20:54:01+00:00,replay,2024,13,Hungarian Grand Prix,2024-07-21,pre_weekend,random_forest,42d1601,793,0.12736,40,20,0.05,0.1379,0.054811,0.053485,-0.02479,0.23285,0.63158,0.125,0,0.0
2026-09-07T20:53:19+00:00,replay,2024,14,Belgian Grand Prix,2024-07-28,post_quali,random_forest,42d1601,793,0.12106,40,20,0.05,0.12287,0.046547,0.052549,0.11422,0.20094,1.0,1.0,1,10.0
2026-09-07T20:54:01+00:00,replay,2024,14,Belgian Grand Prix,2024-07-28,pre_weekend,random_forest,42d1601,793,0.12106,40,20,0.05,0.12314,0.047699,0.052549,0.0923,0.20542,1.0,1.0,1,10.0
2026-09-07T20:53:19+00:00,replay,2024,15,Dutch Grand Prix,2024-08-25,post_quali,random_forest,42d1601,793,0.1198,40,20,0.0,0.14288,0.022411,0.014352,-0.56158,0.15555,,,0,
2026-09-07T20:54:01+00:00,replay,2024,15,Dutch Grand Prix,2024-08-25,pre_weekend,random_forest,42d1601,793,0.1198,40,20,0.0,0.15571,0.026506,0.014352,-0.84687,0.17088,,,0,
2026-09-07T20:53:19+00:00,replay,2024,16,Italian Grand Prix,2024-09-01,post_quali,random_forest,42d1601,793,0.11602,40,20,0.05,0.1117,0.047518,0.051858,0.08369,0.20207,0.89474,0.33333,0,0.0
2026-09-07T20:54:01+00:00,replay,2024,16,Italian Grand Prix,2024-09-01,pre_weekend,random_forest,42d1601,793,0.11602,40,20,0.05,0.1129,0.04856,0.051858,0.06359,0.20813,1.0,1.0,1,10.0
2026-09-07T20:53:19+00:00,replay,2024,17,Azerbaijan Grand Prix,2024-09-15,post_quali,random_forest,42d1601,793,0.11475,40,20,0.2,0.1296,0.171006,0.167267,-0.02236,0.55116,0.39062,0.22735,0,0.0
2026-09-07T20:54:01+00:00,replay,2024,17,Azerbaijan Grand Prix,2024-09-15,pre_weekend,random_forest,42d1601,793,0.11475,40,20,0.2,0.11528,0.17653,0.167267,-0.05538,0.57973,0.29688,0.17345,0,0.0
2026-09-07T20:53:19+00:00,replay,2024,18,Singapore Grand Prix,2024-09-22,post_quali,random_forest,42d1601,793,0.11602,40,20,0.1,0.17012,0.090839,0.090256,-0.00646,0.3297,0.77778,0.6,1,5.0
2026-09-07T20:54:01+00:00,replay,2024,18,Singapore Grand Prix,2024-09-22,pre_weekend,random_forest,42d1601,793,0.11602,40,20,0.1,0.17312,0.089463,0.090256,0.00879,0.32468,0.77778,0.36111,1,5.0
2026-09-07T20:53:19+00:00,replay,2024,19,United States Grand Prix,2024-10-20,post_quali,random_forest,42d1601,793,0.11475,40,20,0.05,0.11905,0.04827,0.051693,0.06622,0.20447,0.94737,0.5,1,10.0
2026-09-07T20:54:01+00:00,replay,2024,19,United States Grand Prix,2024-10-20,pre_weekend,random_forest,42d1601,793,0.11475,40,20,0.05,0.11694,0.054125,0.051693,-0.04705,0.23057,0.42105,0.08333,0,0.0
2026-09-07T20:53:19+00:00,replay,2024,20,Mexico City Grand Prix,2024-10-27,post_quali,random_forest,42d1601,793,0.11223,40,20,0.15,0.1562,0.132634,0.128926,-0.02876,0.43862,0.39216,0.15499,0,0.0
2026-09-07T20:54:01+00:00,replay,2024,20,Mexico City Grand Prix,2024-10-27,pre_weekend,random_forest,42d1601,793,0.11223,40,20,0.15,0.16701,0.124761,0.128926,0.03231,0.41138,0.72549,0.30758,0,0.0
2026-09-07T20:53:19+00:00,replay,2024,21,São Paulo Grand Prix,2024-11-03,post_quali,random_forest,42d1601,793,0.11349,40,18,0.11111,0.16088,0.098285,0.098771,0.00492,0.34468,0.6875,0.34091,1,4.5
2026-09-07T20:54:01+00:00,replay,2024,21,São Paulo Grand Prix,2024-11-03,pre_weekend,random_forest,42d1601,793,0.11349,40,18,0.11111,0.1647,0.104689,0.098771,-0.05991,0.37283,0.40625,0.18056,0,0.0
2026-09-07T20:53:19+00:00,replay,2024,22,Las Vegas Grand Prix,2024-11-23,post_quali,random_forest,42d1601,791,0.10619,40,20,0.1,0.13811,0.093988,0.090038,-0.04387,0.33866,0.47222,0.13248,0,0.0
2026-09-07T20:54:01+00:00,replay,2024,22,Las Vegas Grand Prix,2024-11-23,pre_weekend,random_forest,42d1601,791,0.10619,40,20,0.1,0.14693,0.089059,0.090038,0.01088,0.32082,0.72222,0.34091,1,5.0
2026-09-07T20:53:19+00:00,replay,2024,23,Qatar Grand Prix,2024-12-01,post_quali,random_forest,42d1601,791,0.10619,40,20,0.25,0.11386,0.195702,0.20818,0.05994,0.58648,0.78667,0.5798,1,2.0
2026-09-07T20:54:01+00:00,replay,2024,23,Qatar Grand Prix,2024-12-01,pre_weekend,random_forest,42d1601,791,0.10619,40,20,0.25,0.11657,0.207459,0.20818,0.00346,0.63976,0.48,0.26192,0,0.0
2026-09-07T20:53:19+00:00,replay,2024,24,Abu Dhabi Grand Prix,2024-12-08,post_quali,random_forest,42d1601,791,0.11252,40,20,0.2,0.09913,0.161833,0.167653,0.03471,0.50193,0.8125,0.46111,1,2.5
2026-09-07T20:54:01+00:00,replay,2024,24,Abu Dhabi Grand Prix,2024-12-08,pre_weekend,random_forest,42d1601,791,0.11252,40,20,0.2,0.09949,0.164297,0.167653,0.02002,0.52102,0.6875,0.4693,1,2.5
2026-09-07T20:53:19+00:00,replay,2025,1,Australian Grand Prix,2025-03-16,post_quali,random_forest,42d1601,791,0.11504,40,20,0.3,0.1184,0.241603,0.244209,0.01067,0.72647,0.55952,0.47886,1,1.667
2026-09-07T20:54:01+00:00,replay,2025,1,Australian Grand Prix,2025-03-16,pre_weekend,random_forest,42d1601,791,0.11504,40,20,0.3,0.12125,0.246231,0.244209,-0.00828,0.7468,0.39286,0.39534,1,1.667
2026-09-07T20:53:19+00:00,replay,2025,2,Chinese Grand Prix,2025-03-23,post_quali,random_forest,42d1601,791,0.12263,40,20,0.05,0.1569,0.063872,0.052775,-0.21027,0.26441,0.31579,0.07143,0,0.0
2026-09-07T20:54:01+00:00,replay,2025,2,Chinese Grand Prix,2025-03-23,pre_weekend,random_forest,42d1601,791,0.12263,40,20,0.05,0.15732,0.062217,0.052775,-0.17892,0.2637,0.42105,0.08333,0,0.0
2026-09-07T20:53:19+00:00,replay,2025,3,Japanese Grand Prix,2025-04-06,post_quali,random_forest,42d1601,791,0.12137,40,20,0.0,0.15038,0.024893,0.01473,-0.69003,0.16454,,,0,
2026-09-07T20:54:01+00:00,replay,2025,3,Japanese Grand Prix,2025-04-06,pre_weekend,random_forest,42d1601,791,0.12137,40,20,0.0,0.15515,0.025275,0.01473,-0.71591,0.16945,,,0,
2026-09-07T20:53:19+00:00,replay,2025,4,Bahrain Grand Prix,2025-04-13,post_quali,random_forest,42d1601,791,0.1201,40,20,0.05,0.09708,0.0521,0.052414,0.006,0.22153,0.31579,0.07143,0,0.0
2026-09-07T20:54:01+00:00,replay,2025,4,Bahrain Grand Prix,2025-04-13,pre_weekend,random_forest,42d1601,791,0.1201,40,20,0.05,0.09281,0.049089,0.052414,0.06344,0.2073,0.68421,0.14286,0,0.0
2026-09-07T20:53:19+00:00,replay,2025,5,Saudi Arabian Grand Prix,2025-04-20,post_quali,random_forest,42d1601,791,0.11757,40,20,0.1,0.12977,0.094403,0.090309,-0.04533,0.34314,0.22222,0.09583,0,0.0
2026-09-07T20:54:01+00:00,replay,2025,5,Saudi Arabian Grand Prix,2025-04-20,pre_weekend,random_forest,42d1601,791,0.11757,40,20,0.1,0.12347,0.089467,0.090309,0.00933,0.32151,0.77778,0.26667,0,0.0
2026-09-07T20:53:19+00:00,replay,2025,6,Miami Grand Prix,2025-05-04,post_quali,random_forest,42d1601,791,0.11631,40,20,0.2,0.10865,0.153566,0.167004,0.08046,0.46554,0.89062,0.68452,1,2.5
2026-09-07T20:54:01+00:00,replay,2025,6,Miami Grand Prix,2025-05-04,pre_weekend,random_forest,42d1601,791,0.11631,40,20,0.2,0.10275,0.165218,0.167004,0.0107,0.51804,0.71875,0.34583,0,0.0
2026-09-07T20:53:19+00:00,replay,2025,7,Emilia Romagna Grand Prix,2025-05-18,post_quali,random_forest,42d1601,791,0.11884,40,20,0.1,0.09871,0.086166,0.090355,0.04636,0.30145,0.72222,0.34091,1,5.0
2026-09-07T20:54:01+00:00,replay,2025,7,Emilia Romagna Grand Prix,2025-05-18,pre_weekend,random_forest,42d1601,791,0.11884,40,20,0.1,0.08915,0.092605,0.090355,-0.0249,0.33708,0.5,0.14091,0,0.0
2026-09-07T20:53:19+00:00,replay,2025,8,Monaco Grand Prix,2025-05-25,post_quali,random_forest,42d1601,791,0.11757,40,20,0.1,0.15264,0.100606,0.090309,-0.11402,0.35981,0.38889,0.11667,0,0.0
2026-09-07T20:54:01+00:00,replay,2025,8,Monaco Grand Prix,2025-05-25,pre_weekend,random_forest,42d1601,791,0.11757,40,20,0.1,0.1563,0.095754,0.090309,-0.0603,0.34191,0.5,0.14091,0,0.0
2026-09-07T20:53:19+00:00,replay,2025,9,Spanish Grand Prix,2025-06-01,post_quali,random_forest,42d1601,792,0.11869,40,19,0.10526,0.08227,0.095257,0.094363,-0.00948,0.34295,0.58824,0.20192,0,0.0
2026-09-07T20:54:01+00:00,replay,2025,9,Spanish Grand Prix,2025-06-01,pre_weekend,random_forest,42d1601,792,0.11869,40,19,0.10526,0.07813,0.096636,0.094363,-0.02408,0.34826,0.55882,0.1625,0,0.0
2026-09-07T20:53:19+00:00,replay,2025,10,Canadian Grand Prix,2025-06-15,post_quali,random_forest,42d1601,792,0.11616,40,20,0.15,0.13749,0.136236,0.128645,-0.05901,0.4589,0.41176,0.16667,0,0.0
2026-09-07T20:54:01+00:00,replay,2025,10,Canadian Grand Prix,2025-06-15,pre_weekend,random_forest,42d1601,792,0.11616,40,20,0.15,0.13316,0.131253,0.128645,-0.02027,0.43866,0.33333,0.14762,0,0.0
2026-09-07T20:53:19+00:00,replay,2025,11,Austrian Grand Prix,2025-06-29,post_quali,random_forest,42d1601,792,0.11364,40,19,0.15789,0.10142,0.140511,0.134923,-0.04141,0.46913,0.5625,0.22222,0,0.0
2026-09-07T20:54:01+00:00,replay,2025,11,Austrian Grand Prix,2025-06-29,pre_weekend,random_forest,42d1601,792,0.11364,40,19,0.15789,0.09937,0.139066,0.134923,-0.03071,0.46536,0.5,0.19121,0,0.0
2026-09-07T20:53:19+00:00,replay,2025,12,British Grand Prix,2025-07-06,post_quali,random_forest,42d1601,792,0.1149,40,19,0.21053,0.09651,0.174017,0.17535,0.0076,0.54486,0.66667,0.3631,1,2.375
2026-09-07T20:54:01+00:00,replay,2025,12,British Grand Prix,2025-07-06,pre_weekend,random_forest,42d1601,792,0.1149,40,19,0.21053,0.08685,0.176895,0.17535,-0.00881,0.56126,0.7,0.52976,1,2.375
2026-09-07T20:53:19+00:00,replay,2025,13,Belgian Grand Prix,2025-07-27,post_quali,random_forest,42d1601,791,0.11631,40,20,0.0,0.11052,0.014042,0.013528,-0.03805,0.11828,,,0,
2026-09-07T20:54:01+00:00,replay,2025,13,Belgian Grand Prix,2025-07-27,pre_weekend,random_forest,42d1601,791,0.11631,40,20,0.0,0.10447,0.011587,0.013528,0.14349,0.11076,,,0,
2026-09-07T20:53:19+00:00,replay,2025,14,Hungarian Grand Prix,2025-08-03,post_quali,random_forest,42d1601,792,0.11111,40,20,0.05,0.08124,0.045378,0.051235,0.11431,0.18141,0.84211,0.25,0,0.0
2026-09-07T20:54:01+00:00,replay,2025,14,Hungarian Grand Prix,2025-08-03,pre_weekend,random_forest,42d1601,792,0.11111,40,20,0.05,0.07548,0.044191,0.051235,0.13748,0.17857,1.0,1.0,1,10.0
2026-09-07T20:53:19+00:00,replay,2025,15,Dutch Grand Prix,2025-08-31,post_quali,random_forest,42d1601,793,0.10593,40,20,0.15,0.08217,0.144679,0.129442,-0.11771,0.55178,0.07843,0.1089,0,0.0
2026-09-07T20:54:01+00:00,replay,2025,15,Dutch Grand Prix,2025-08-31,pre_weekend,random_forest,42d1601,793,0.10593,40,20,0.15,0.07511,0.139677,0.129442,-0.07907,0.50937,0.13725,0.11486,0,0.0
2026-09-07T20:53:19+00:00,replay,2025,16,Italian Grand Prix,2025-09-07,post_quali,random_forest,42d1601,793,0.10593,40,19,0.05263,0.11233,0.054965,0.052702,-0.04294,0.2329,0.38889,0.08333,0,0.0
2026-09-07T20:54:01+00:00,replay,2025,16,Italian Grand Prix,2025-09-07,pre_weekend,random_forest,42d1601,793,0.10593,40,19,0.05263,0.1086,0.053389,0.052702,-0.01305,0.22597,0.5,0.1,0,0.0
2026-09-07T20:53:19+00:00,replay,2025,17,Azerbaijan Grand Prix,2025-09-21,post_quali,random_forest,42d1601,792,0.10606,40,20,0.05,0.14427,0.057802,0.050643,-0.14136,0.24856,0.47368,0.09091,0,0.0
2026-09-07T20:54:01+00:00,replay,2025,17,Azerbaijan Grand Prix,2025-09-21,pre_weekend,random_forest,42d1601,792,0.10606,40,20,0.05,0.14567,0.060219,0.050643,-0.18909,0.25992,0.10526,0.05556,0,0.0
2026-09-07T20:53:19+00:00,replay,2025,18,Singapore Grand Prix,2025-10-05,post_quali,random_forest,42d1601,792,0.10732,40,20,0.0,0.13338,0.01967,0.011518,-0.70771,0.14439,,,0,
2026-09-07T20:54:01+00:00,replay,2025,18,Singapore Grand Prix,2025-10-05,pre_weekend,random_forest,42d1601,792,0.10732,40,20,0.0,0.12754,0.017083,0.011518,-0.48314,0.13697,,,0,
2026-09-07T20:53:19+00:00,replay,2025,19,United States Grand Prix,2025-10-19,post_quali,random_forest,42d1601,792,0.1048,40,20,0.05,0.06597,0.046002,0.050503,0.08912,0.18411,0.78947,0.2,0,0.0
2026-09-07T20:54:01+00:00,replay,2025,19,United States Grand Prix,2025-10-19,pre_weekend,random_forest,42d1601,792,0.1048,40,20,0.05,0.05956,0.045586,0.050503,0.09737,0.18222,0.89474,0.33333,0,0.0
2026-09-07T20:53:19+00:00,replay,2025,20,Mexico City Grand Prix,2025-10-26,post_quali,random_forest,42d1601,793,0.10214,40,20,0.2,0.13919,0.148811,0.169576,0.12245,0.45248,0.875,0.55952,1,2.5
2026-09-07T20:54:01+00:00,replay,2025,20,Mexico City Grand Prix,2025-10-26,pre_weekend,random_forest,42d1601,793,0.10214,40,20,0.2,0.13588,0.154092,0.169576,0.09131,0.4726,0.78125,0.41319,0,0.0
2026-09-07T20:53:19+00:00,replay,2025,21,São Paulo Grand Prix,2025-11-09,post_quali,random_forest,42d1601,793,0.1034,40,20,0.15,0.08233,0.134556,0.129671,-0.03767,0.47128,0.45098,0.19074,0,0.0
2026-09-07T20:54:01+00:00,replay,2025,21,São Paulo Grand Prix,2025-11-09,pre_weekend,random_forest,42d1601,793,0.1034,40,20,0.15,0.07882,0.137074,0.129671,-0.05709,0.48756,0.27451,0.14477,0,0.0
2026-09-07T20:53:19+00:00,replay,2025,22,Las Vegas Grand Prix,2025-11-22,post_quali,random_forest,42d1601,793,0.1034,40,20,0.15,0.14226,0.122086,0.129671,0.0585,0.4003,0.72549,0.3547,0,0.0
2026-09-07T20:54:01+00:00,replay,2025,22,Las Vegas Grand Prix,2025-11-22,pre_weekend,random_forest,42d1601,793,0.1034,40,20,0.15,0.13877,0.123781,0.129671,0.04542,0.40854,0.70588,0.45139,1,3.333
2026-09-07T20:53:19+00:00,replay,2025,23,Qatar Grand Prix,2025-11-30,post_quali,random_forest,42d1601,793,0.10593,40,20,0.2,0.1679,0.15422,0.16885,0.08664,0.47835,0.67188,0.375,1,2.5
2026-09-07T20:54:01+00:00,replay,2025,23,Qatar Grand Prix,2025-11-30,pre_weekend,random_forest,42d1601,793,0.10593,40,20,0.2,0.16586,0.150625,0.16885,0.10794,0.46605,0.8125,0.59091,1,2.5
2026-09-07T20:53:19+00:00,replay,2025,24,Abu Dhabi Grand Prix,2025-12-07,post_quali,random_forest,42d1601,793,0.10971,40,20,0.0,0.12384,0.01684,0.012036,-0.39912,0.13317,,,0,
2026-09-07T20:54:01+00:00,replay,2025,24,Abu Dhabi Grand Prix,2025-12-07,pre_weekend,random_forest,42d1601,793,0.10971,40,20,0.0,0.1213,0.015587,0.012036,-0.29502,0.12987,,,0,
2026-09-07T20:53:19+00:00,replay,2026,1,Australian Grand Prix,2026-03-08,post_quali,random_forest,42d1601,793,0.10467,40,20,0.2,0.16608,0.161223,0.169089,0.04652,0.50164,0.42188,0.20106,0,0.0
2026-09-07T20:54:01+00:00,replay,2026,1,Australian Grand Prix,2026-03-08,pre_weekend,random_forest,42d1601,793,0.10467,40,20,0.2,0.16033,0.161962,0.169089,0.04215,0.50496,0.35938,0.18875,0,0.0
2026-09-07T20:53:19+00:00,replay,2026,2,Chinese Grand Prix,2026-03-15,post_quali,random_forest,42d1601,793,0.1034,40,18,0.16667,0.08595,0.143562,0.142891,-0.0047,0.47439,0.64444,0.31587,0,0.0
2026-09-07T20:54:01+00:00,replay,2026,2,Chinese Grand Prix,2026-03-15,pre_weekend,random_forest,42d1601,793,0.1034,40,18,0.16667,0.09046,0.145148,0.142891,-0.0158,0.4844,0.55556,0.26885,0,0.0
2026-09-07T20:53:19+00:00,replay,2026,3,Japanese Grand Prix,2026-03-29,post_quali,random_forest,42d1601,791,0.10746,40,22,0.09091,0.10654,0.077207,0.082919,0.06888,0.2768,0.95,0.75,1,5.5
2026-09-07T20:54:01+00:00,replay,2026,3,Japanese Grand Prix,2026-03-29,pre_weekend,random_forest,42d1601,791,0.10746,40,22,0.09091,0.09476,0.079654,0.082919,0.03937,0.28769,0.875,0.64286,1,5.5
2026-09-07T20:53:19+00:00,replay,2026,4,Miami Grand Prix,2026-05-03,post_quali,random_forest,42d1601,793,0.10971,40,22,0.18182,0.12956,0.144456,0.15396,0.06173,0.44957,0.66667,0.279,0,0.0
2026-09-07T20:54:01+00:00,replay,2026,4,Miami Grand Prix,2026-05-03,pre_weekend,random_forest,42d1601,793,0.10971,40,22,0.18182,0.13248,0.146033,0.15396,0.05149,0.45885,0.59722,0.2506,0,0.0
2026-09-07T20:53:19+00:00,replay,2026,5,Canadian Grand Prix,2026-05-24,post_quali,random_forest,42d1601,796,0.11307,40,21,0.2381,0.10904,0.201409,0.197038,-0.02218,0.64438,0.475,0.39877,1,2.1
2026-09-07T20:54:01+00:00,replay,2026,5,Canadian Grand Prix,2026-05-24,pre_weekend,random_forest,42d1601,796,0.11307,40,21,0.2381,0.11293,0.20046,0.197038,-0.01737,0.63472,0.5125,0.40781,1,2.1
2026-09-07T20:53:19+00:00,replay,2026,6,Monaco Grand Prix,2026-06-07,post_quali,random_forest,42d1601,797,0.11794,40,22,0.31818,0.11322,0.258081,0.257038,-0.00406,0.77788,0.5619,0.43639,1,1.571
2026-09-07T20:54:01+00:00,replay,2026,6,Monaco Grand Prix,2026-06-07,pre_weekend,random_forest,42d1601,797,0.11794,40,22,0.31818,0.1151,0.258461,0.257038,-0.00554,0.77939,0.53333,0.41555,1,1.571
2026-09-07T20:53:19+00:00,replay,2026,7,Barcelona Grand Prix,2026-06-14,post_quali,random_forest,42d1601,799,0.12516,40,22,0.36364,0.14945,0.268071,0.288278,0.07009,0.76547,0.6875,0.70684,2,2.75
2026-09-07T20:54:01+00:00,replay,2026,7,Barcelona Grand Prix,2026-06-14,pre_weekend,random_forest,42d1601,799,0.12516,40,22,0.36364,0.14799,0.272845,0.288278,0.05353,0.78132,0.63393,0.6371,2,2.75
2026-09-07T20:53:19+00:00,replay,2026,8,Austrian Grand Prix,2026-06-28,post_quali,random_forest,42d1601,801,0.13483,40,22,0.18182,0.18847,0.127666,0.150968,0.15435,0.40947,0.91667,0.72917,1,2.75
2026-09-07T20:54:01+00:00,replay,2026,8,Austrian Grand Prix,2026-06-28,pre_weekend,random_forest,42d1601,801,0.13483,40,22,0.18182,0.19355,0.130451,0.150968,0.1359,0.41827,0.91667,0.72917,1,2.75
2026-09-07T20:53:19+00:00,replay,2026,9,British Grand Prix,2026-07-05,post_quali,random_forest,42d1601,803,0.13823,40,22,0.13636,0.19707,0.130614,0.117772,-0.10904,0.42662,0.61404,0.21746,0,0.0
2026-09-07T20:54:01+00:00,replay,2026,9,British Grand Prix,2026-07-05,pre_weekend,random_forest,42d1601,803,0.13823,40,22,0.13636,0.19919,0.130855,0.117772,-0.11109,0.42981,0.57895,0.20139,0,0.0
2026-09-07T20:53:19+00:00,replay,2026,10,Belgian Grand Prix,2026-07-19,post_quali,random_forest,42d1601,805,0.13665,40,22,0.13636,0.18504,0.110263,0.117769,0.06373,0.37952,0.70175,0.60819,1,3.667
2026-09-07T20:54:01+00:00,replay,2026,10,Belgian Grand Prix,2026-07-19,pre_weekend,random_forest,42d1601,805,0.13665,40,22,0.13636,0.18281,0.11022,0.117769,0.0641,0.37783,0.68421,0.44152,1,3.667
2026-09-07T20:53:19+00:00,replay,2026,11,Hungarian Grand Prix,2026-07-26,post_quali,random_forest,42d1601,807,0.13755,40,22,0.13636,0.17724,0.106864,0.11777,0.0926,0.36874,0.63158,0.43434,1,3.667
2026-09-07T20:54:01+00:00,replay,2026,11,Hungarian Grand Prix,2026-07-26,pre_weekend,random_forest,42d1601,807,0.13755,40,22,0.13636,0.1894,0.107284,0.11777,0.08904,0.37304,0.63158,0.43434,1,3.667
2026-09-07T20:53:19+00:00,replay,2026,12,Dutch Grand Prix,2026-08-23,post_quali,random_forest,42d1601,809,0.13968,40,22,0.27273,0.18521,0.187923,0.216049,0.13018,0.55761,0.76042,0.61549,1,1.833
2026-09-07T20:54:01+00:00,replay,2026,12,Dutch Grand Prix,2026-08-23,pre_weekend,random_forest,42d1601,809,0.13968,40,22,0.27273,0.18896,0.190516,0.216049,0.11818,0.56652,0.70833,0.56357,1,1.833
2026-09-07T20:29:50+00:00,live,2026,13,Italian Grand Prix,2026-09-06,pre_weekend,random_forest,d487694,815,0.14356,40,22,0.13636,0.14778,0.089923,0.11782,0.23678,0.30051,0.92982,0.80952,2,7.333
2026-09-07T20:53:19+00:00,replay,2026,13,Italian Grand Prix,2026-09-06,post_quali,random_forest,42d1601,811,0.14303,40,22,0.13636,0.17085,0.106368,0.117813,0.09715,0.3612,0.66667,0.33333,0,0.0
